base-files	13ubuntu10.5	amd64	73220	87e8c41e62f61625fb78a982d0bc0a70f40ef8375bc313b154914d1b3759c823
base-passwd	3.6.3build1	amd64	51060	8514590aa2d82aa32d6beb32525f1e4577949f625eee1990b4b7b71b5ef26679
bash	5.2.21-2ubuntu4	amd64	794086	73de311a21e094e29ac01527d2b52226cc87fde0a5b57032902251b426d92c66
binutils	2.42-4ubuntu2.10	amd64	18154	b3b5a84181a38fd191820b2cdcc1a3eeb1cd6333ad472f2092f96e81047e9c74
binutils-common	2.42-4ubuntu2.10	amd64	240286	d136073f5e2153f3df11c1d08d66727b9466b28ff483f50085f14bbe3464b5ee
binutils-x86-64-linux-gnu	2.42-4ubuntu2.10	amd64	2462744	1e510a15f30208d39edcd840e48f26a77bbca7c417805eeccb1e3f7de198ef29
bsdutils	1:2.39.3-9ubuntu6.6	amd64	96370	761e5ad2ff5c30d1bfa9f41dcfe042b3475495c78c11949a9792585bd1f6765b
bubblewrap	0.9.0-1ubuntu0.3	amd64	50436	2461f1beee9cb04c8942739fe1a2b37e7b7c2a3d518f0779dc75f9245baa3094
ca-certificates	20260601~24.04.1	all	139430	6bac2a01979e210d9eac1d4d56747ec709ea60654744d66705dc3c36e7629e50
coreutils	9.4-3ubuntu6.3	amd64	1413428	e1e9a17892be0cc83b7cea747edf331ffeb6d6c010b4db296e60d888e8e9274c
cpp	4:13.2.0-7ubuntu1	amd64	22442	b51f8094760f7b41afdcb1fe1b5a57fc64b75a090859918af17450a10f8c7d31
cpp-13	13.3.0-6ubuntu2~24.04.1	amd64	1042	c7535331fbb183c802c3bf4b6b210872dcc12d0421b3212b3c4b940f2c59ed3a
cpp-13-x86-64-linux-gnu	13.3.0-6ubuntu2~24.04.1	amd64	10714542	2ca48bf0c2d6465bc39322899715a85d934b4d7442dd5586a7bebbe3ce0f806b
cpp-x86-64-linux-gnu	4:13.2.0-7ubuntu1	amd64	5326	85059b30960de3582e8612740614da3dfe47241d0368a28dea686188cf7648dd
dash	0.5.12-6ubuntu5	amd64	89836	e97728d8deaa51300255f0572bbd68b9549e0894a184c056dc420fc4e0ba0781
debconf	1.5.86ubuntu1	all	124096	bb390da466a7461bfc87aa3e6b7cd145dae84af3e26bf437f2c0c218ba226294
debianutils	5.17build1	amd64	89890	1047a9a57018e18531f76e5b00e226a68554b6f1d147f2a5c1b32518c7b20636
diffutils	1:3.10-1ubuntu0.1	amd64	177224	c2acc7889f1d75986c40bee57c0875c02146a9c8833980abfb0a6c62c52301d3
dpkg	1.22.6ubuntu6.6	amd64	1282284	ceb6aa4da59fbcb8a3b0549b4280c60b7d849b519859797c8668bdfbe378fb3b
findutils	4.9.0-5build1	amd64	298296	96490acdee09245bb47ff4684dc59a7ac3b29619da868ef3e9d8323c61a02ac4
gawk	1:5.2.1-2ubuntu0.1	amd64	463234	baaf6853bea746485bff4ae0e506599b3c5093ebe6ec9b9584e4272f94f75b93
gcc	4:13.2.0-7ubuntu1	amd64	5018	0e0bb8b25153ed1c44ab92bc219eed469fcb5820c5c0bc6454b2fd366a33d3ee
gcc-13	13.3.0-6ubuntu2~24.04.1	amd64	494262	7438ff160b020a74970672189ecae25d0ca650de6d7f543f12a3134192cffbd9
gcc-13-base	13.3.0-6ubuntu2~24.04.1	amd64	51616	e859aca26585bb91113a451f1e66bc0e5283cb08797d679aacc1d936ae6dff8e
gcc-13-x86-64-linux-gnu	13.3.0-6ubuntu2~24.04.1	amd64	21084546	a134b0319a82d14581b3a14820d2832af4ec9778ed8b9b4ddaeecfb0555ec325
gcc-14-base	14.2.0-4ubuntu2~24.04.1	amd64	51014	b95c172411a7fdae70307cf33a9f5320ba5e056b556454543dd5b679d5ce1c4f
gcc-x86-64-linux-gnu	4:13.2.0-7ubuntu1	amd64	1212	72e79089a10e381360bfc6f03c5e5d8c2ff177d6dbac2cd7ffb3cc1383f57591
grep	3.11-4build1	amd64	162040	fc0fdc5983ea3d3579ccf335e51dec69684a0dd9bb915734999c5733add9507a
gzip	1.12-1ubuntu3.2	amd64	99204	4067522fbffe22672e4cf683bfc32e4a304bc872cf76f10049ab36d1a9eedb91
hostname	3.23+nmu2ubuntu2	amd64	11058	c9b3109d868c1e5a26f0bd10e005171420d83f6da84a527aa6293bc350892504
init-system-helpers	1.66ubuntu1	all	39402	8eb801f9ce084dab9bf4cbc3ec0ee5ac75516a4cc1f25e3f92298c632e75b700
libacl1	2.3.2-1build1.1	amd64	16792	f2bfd3f8f00413d5f1f04fc723063803c56ac0f1e0efae3bc41f2d7276972ec3
libasan8	14.2.0-4ubuntu2~24.04.1	amd64	3026656	8321aac6230fa1da320e76eb6288b7436164624aec449ed3933ea6c4cc86daac
libatomic1	14.2.0-4ubuntu2~24.04.1	amd64	10466	fe49cbbc7be753528380c724a8eef5f1e31dffa9221f692c5069048d81c7449d
libattr1	1:2.5.2-1ubuntu0.1	amd64	11748	a99e2e2dfcefbc0e9c99fdc0b284c8b35eaa58744163aaed476de1c93d3c4ef4
libaudit-common	1:3.1.2-2.1ubuntu0.1	all	5948	b1b6fca3f7ed86db971c073352a6741f1f60f4a94eeb2c1eb0aca8a7e4b11660
libaudit1	1:3.1.2-2.1ubuntu0.1	amd64	47082	326a55fce45a620f12b98baf581fb037eb0fcea1ab3969c54cf177f51be8abfe
libbinutils	2.42-4ubuntu2.10	amd64	576834	064dce00ce94e1fc2d33779cb0071088f4c8aac79e85345f2e78a020f7d14699
libblkid1	2.39.3-9ubuntu6.6	amd64	124124	3bcf169cd65e2539059b2287924090fc629f9bf90f595fc25465a7efe950ee82
libbz2-1.0	1.0.8-5.1ubuntu0.1	amd64	34562	36ee08b00b1ee5018b2fce02881b7d2d73c9b4e32990bde3388400d86c48126a
libc-bin	2.39-0ubuntu8.9	amd64	682164	066398a06ef1a218d4109461d4c636eafe83322ad19b179de9ef7af42b3fec58
libc-dev-bin	2.39-0ubuntu8.9	amd64	20402	77db23aba4582d034d9a95e4818a16e7e51a2d4fb17a9204439688e288d67f4c
libc6	2.39-0ubuntu8.9	amd64	3264314	ff5557d99b51f761c4b7c92368b9cc45565eda17df9bf9eb4b134d09825008be
libc6-dev	2.39-0ubuntu8.9	amd64	2125612	e13d5fcc1b2a86f75bca8e0026a8e39f24fe97ca86e92be79991f8697eb1306f
libcap-ng0	0.8.4-2build2	amd64	15180	cf1e9437ac7ddf6539dbe87b68858cbdef84d78c6aac243ab3b6e564a52ed930
libcap2	1:2.66-5ubuntu2.4	amd64	30500	23c627c77c66552a658e62852f244f4946dc543898e0ec5428d5dc6bffde2d6a
libcc1-0	14.2.0-4ubuntu2~24.04.1	amd64	48002	454456436ca767817a860557263d7cc2489f0a410f03efff4c0bb236d579ec09
libcrypt-dev	1:4.4.36-4build1	amd64	111780	2edff420ef80b4a3f3751e65c33423ef30e563122a58b759e4854ea8d84ba1b1
libcrypt1	1:4.4.36-4build1	amd64	82302	9474785cd6f398512bf8c305c3901dbb111569dccb6f5832002373c0a8ac5832
libctf-nobfd0	2.42-4ubuntu2.10	amd64	98012	da352eb7fa6c4369d2a6c1e5e680f574eda2e38576563326b18d9e47e61c4078
libctf0	2.42-4ubuntu2.10	amd64	94474	7ec86d697c3668503c85f308a6832f092075b5880ad002f22185264da0bd4645
libdb5.3t64	5.3.28+dfsg2-7	amd64	734100	a78a25c8fad8fdd0b7bc6b297da5d5685579be1e57732aa47870830e4a13161e
libdebconfclient0	0.271ubuntu3	amd64	11398	0a07d284ca6e2ee18208b3bf9ddc19da803d96db8230cdf26d16ac3aae5b7893
libexpat1	2.6.1-2ubuntu0.6	amd64	98940	494b8e672f722130c6bca6a7bc4cc31a43ca891a31d60d868bfdd699a3c20b13
libffi8	3.4.6-1build1	amd64	24718	637e6a7744de08cd331a41f4efd0d24e6ea9064843dea9d1c6ca87bdb5f038a2
libgcc-13-dev	13.3.0-6ubuntu2~24.04.1	amd64	2680642	cd689db2691edaa10f37329307292796bb599e722e0505c79e14caaa1fe9a93a
libgcc-s1	14.2.0-4ubuntu2~24.04.1	amd64	78392	aa7fadbe33b78bcf99885318040601c550c208929565b179891d9a3cc2aa68cd
libgcrypt20	1.10.3-2ubuntu0.2	amd64	536494	957b9eeaa83cf6f2d5d5d76dbb8aa31d3297e6781d8a02fa08dcc897ae650a0b
libgmp10	2:6.3.0+dfsg-2ubuntu6.1	amd64	253460	285f8a505dfa8e1b33f357a9d8d3477ad35bf18c0b34771a6df4c25923f3ae0d
libgomp1	14.2.0-4ubuntu2~24.04.1	amd64	148062	e8a95ec58125b4933597f30ff56c2ae10edf90f287262e366d4b6edea3019144
libgpg-error0	1.47-3build2.1	amd64	70092	93654ee8180a73a0363f25c51dc673d67cbabcbecd164187b8a2deb54d007aef
libgprofng0	2.42-4ubuntu2.10	amd64	848684	1b7e3c2fc162e8358ca6e5a3fffdb4d0d632f790630323215841bb36a63c0ab8
libhwasan0	14.2.0-4ubuntu2~24.04.1	amd64	1640706	2195318cfe68fe16b601913ef7b33c9a900372f57861643fdc9ae6fef84534cd
libisl23	0.26-3build1.1	amd64	679812	4e040926e50fb961fae9bf95660189d468336a4a17bc321872c434fc8f777e7f
libitm1	14.2.0-4ubuntu2~24.04.1	amd64	29702	1fca498129dd3510294809d77ee754f72a9de281111200e9b7b9a5adf37faa9f
libjansson4	2.14-2build2	amd64	32830	0cf79113f5d193ce9af2be2ff4b2c3b30dd4e55a0b6c47f7d28f6c849ff3aa60
liblsan0	14.2.0-4ubuntu2~24.04.1	amd64	1321652	dc0c2a1a053e833ba4d71e1ec2ba4244fe301761ad4a91d6725f927a52d86a14
liblz4-1	1.9.4-1build1.1	amd64	63062	319331270d5cc52d5ebffe51c941d7b01b432bc402c2924b557209a64d4ecbad
liblzma5	5.6.1+really5.4.5-1ubuntu0.3	amd64	127352	d2eabd41ca77d2c2dd9d5d4ef478cccb64ffde6279c47cf4699a857d46785a52
libmd0	1.1.0-2build1.1	amd64	26976	e5ba01d3c41f256aaf57ec59aa0554857162e3e7f97cdfbff1ed2c0e8d720ee7
libmount1	2.39.3-9ubuntu6.6	amd64	134082	8f2c25589f187dacfdc5bb6be2af0aee6c2ba7b4d2edd1ca4b26753469f07aae
libmpc3	1.3.1-1build1.1	amd64	54636	cebe6098bb3d66fdacac9dc6fe406a651216d9c00f27c3f9c159d15d96cdf864
libmpfr6	4.2.1-1build1.1	amd64	353020	aebc1c8b69a1f98bb43dfc268daecd181116dbf40b13ee4e822eb4bdd52b493a
libncursesw6	6.4+20240113-1ubuntu2.2	amd64	147816	579c9488755d1ddd70f66480cafd2f68776f68314d15d9cf4b5449d0de0fc968
libpam-modules	1.5.3-5ubuntu5.7	amd64	286418	c8e86ef52e3a743dc67d90f4c6654f7f529deafa6a523fe9076e809785aeea18
libpam-modules-bin	1.5.3-5ubuntu5.7	amd64	51866	e6753b038042cd007843cbc79a81e732d82d0d2415bcf78ff2120c50b5e54f82
libpam-runtime	1.5.3-5ubuntu5.7	all	40754	879a23df25b1ba28801c9caf73f1ac36724bdff9834b5a0db7d0ac5ba6f8e191
libpam0g	1.5.3-5ubuntu5.7	amd64	68124	1d7f54e77f0455ab5e607cd5e78b576801d8efdc66115e02cf3c6e708d093667
libpcre2-8-0	10.42-4ubuntu2.1	amd64	226662	110a797a57673d3ee497a141cf988199258058c57525799c63194d81822529a0
libpython3.12-minimal	3.12.3-1ubuntu0.17	amd64	838536	d646ad7112b5adec21ba0e1af015f04ae8ca7f5efdc619622547dd6673c4c14b
libpython3.12-stdlib	3.12.3-1ubuntu0.17	amd64	2070530	45d3f530ba1f9d6e879ad46b92046fabab13fe50a82450e4f65557a3bbad1489
libquadmath0	14.2.0-4ubuntu2~24.04.1	amd64	153316	dc8f0ca542e09d662f29370c8393c016440dd4bc5c996c5fcc19f632b63ce3b0
libreadline8t64	8.2-4build1	amd64	152856	563977a16df03b611f5239cc1e9a0426e86479fcc616b5c9e200ea32063119e5
libselinux1	3.5-2ubuntu2.1	amd64	79660	6abaa6c26f46ef17764c4a753e0e84de1cdadde5634fd2987621fdc617988d19
libsframe1	2.42-4ubuntu2.10	amd64	15724	72093fb456864db55f1352bfa5e952a94f7abaff64e71dff1fbf001db1984564
libsigsegv2	2.14-1ubuntu2	amd64	15042	889f338bea4ebfd999939d946da4ac0a45668264a5aae78e023feeb0529505b8
libsmartcols1	2.39.3-9ubuntu6.6	amd64	66282	84f33a780d27cce20a2cd925e7ce8498daba2dbc614d433548a19fbb2c5dac18
libsqlite3-0	3.45.1-1ubuntu2.8	amd64	701602	b1190bb72359f5fcc47406aa46065eaf4f1ca208085c51224a52b04bedc0b4bb
libssl3t64	3.0.13-0ubuntu3.16	amd64	1945300	219f43b1cd836a4da550938db5fda93160d269d39a4edcf1f1ce698a470db797
libstdc++6	14.2.0-4ubuntu2~24.04.1	amd64	792064	a51f8de7829211db961a31f02158058ad1a95f92ac6d0a5dff6350e2821c54c0
libsystemd0	255.4-1ubuntu8.17	amd64	431784	4776d2ac7e21efe2ae31f3f7955a7ccd97277225eecf36910a26faf4544979ae
libtinfo6	6.4+20240113-1ubuntu2.2	amd64	108086	b67a6df2bdab61d273eabebd208bb6a3fb12618a390a067e1ee305a409ff03d9
libtsan2	14.2.0-4ubuntu2~24.04.1	amd64	2771910	8cbcc9b3ae5ef23b449383d47a9035b27596e307d7dce7df9b83d47a7acd1d91
libubsan1	14.2.0-4ubuntu2~24.04.1	amd64	1183812	a16dea3abe2dcac99bcfae27e7e5672fde64573c3c170dcb0cd55631238f9814
libudev1	255.4-1ubuntu8.17	amd64	177608	6efea3770f738db2fd43ebdaed3d91ef0cde8aa8387b4803080af473326ebdb0
libuuid1	2.39.3-9ubuntu6.6	amd64	36596	7e2992d3a79fc05514dc5966558ee9c66a7214a47edf2a36017b9e2777528665
libzstd1	1.5.5+dfsg2-2build1.1	amd64	299472	dfcf25061e07aad7efd3f4f880ba5ad4d4d09ebe7fc8cc77ab6b8a161d6d4727
linux-libc-dev	6.8.0-146.146	amd64	1540030	1a7bb04132d01cd14bea3d615e5861096ca1f70c4659902eb14b36c21993cadc
login	1:4.13+dfsg1-4ubuntu3.2	amd64	201680	393cb0ed5c12e5a6c0f8e1f0c035fbc5781c19321f43c7d10733c917fb17e01b
media-types	10.1.0	all	27474	31bfb7eec55ab6d34a50ba995150e1498d4cb897714085d8025e330d3b529747
ncurses-base	6.4+20240113-1ubuntu2.2	all	25810	7a00fc1174fbc32ce68bfd2038ca4b8275dc2851f78e911180c0928534682b05
ncurses-bin	6.4+20240113-1ubuntu2.2	amd64	188372	897a9d87aebfd92ed47223faef6ce40fa19196309ee98cfd8479ed38e5f75773
netbase	6.4	all	13112	8cdbc9c3dca01e660759bf9d840f72e45ac72faf5d19ca1faecacaf6a60c1a87
openssl	3.0.13-0ubuntu3.16	amd64	1003702	675b84971ffd4467707008c25ef7520f90ea7c23ef27b7a76b0dccf1d7c4dc3f
perl-base	5.38.2-3.2ubuntu0.6	amd64	1825574	50e1b2c2646387a94664fbea144af1d1b16cf6e0778426baa198166ca3246697
python3-pip-whl	24.0+dfsg-1ubuntu1.3	all	1706638	4b7c50db8f261b208c1d9cde8db148c1f682cc516957b986ada5088cfcee1359
python3-setuptools-whl	68.1.2-2ubuntu1.2	all	716284	edfa94cc1f6a33af99cfaf6ebfe35dbcd9c4bdd8555b90c0d8e78479faf5c8f0
python3.12	3.12.3-1ubuntu0.17	amd64	650732	6745c9463432e619d7402b117ad4ac86c31dcd3999ba20daa9e395f6f9909d86
python3.12-minimal	3.12.3-1ubuntu0.17	amd64	2334634	d452689b9660845345a4c3e05e4ad82c082d5474e04031b7aa47f1a6d5610a6e
python3.12-venv	3.12.3-1ubuntu0.17	amd64	5684	b8d4bfea3df63945b6a202bd0773caf7727dde86d2df91df6e88a8ccf7c18b7e
readline-common	8.2-4build1	all	56484	879bfd7f8a9bc4c0f7cdc777cdd8bc6de5f8c4a2ac80c060322a1b22f13504bb
rpcsvc-proto	1.4.2-0ubuntu7	amd64	67446	7eb710fe148d224c159ddec1ceb0ba53ead52a80a6793dcdae1474acf20d8f71
sed	4.9-2ubuntu0.24.04.1	amd64	193590	5406c0950df2653be3d4acaf9f169c51d30cf4a617b63423e64d2853b0d72b5c
sysvinit-utils	3.08-6ubuntu3	amd64	34170	03cf5c9c28a5d186fb7f5214e464f831ff28177695cbb61e66083237267a047e
tar	1.35+dfsg-3ubuntu0.4	amd64	256392	fdf41a87936824e50c8ac11b0b22d1395aeb0754feef2dae5575b5d5a93793ec
tzdata	2026c-0ubuntu0.24.04.1	all	279816	ef12c9ef81905b5ac558504b2f8c20da9be5f28861020b3fb5e8b15fb3fae2f6
ubuntu-keyring	2023.11.28.1	all	11124	36de43b15853ccae0028e9a767613770c704833f82586f28eb262f0311adb8a8
util-linux	2.39.3-9ubuntu6.6	amd64	1128326	08eb17ba3b83378ed1e73d8335d0ce03b429c0bbeb07e374f536234edab02465
zlib1g	1:1.3.dfsg-3.1ubuntu2.2	amd64	62988	84b9cf5752b29c9f92c27cd4c4ba9bbcc70b5ccf9b1b515421a28ae23212e273
