apt	2.8.3
base-files	13ubuntu10.5
base-passwd	3.6.3build1
bash	5.2.21-2ubuntu4
binutils	2.42-4ubuntu2.10
binutils-common	2.42-4ubuntu2.10
binutils-x86-64-linux-gnu	2.42-4ubuntu2.10
bsdutils	1:2.39.3-9ubuntu6.6
bubblewrap	0.9.0-1ubuntu0.3
ca-certificates	20260601~24.04.1
coreutils	9.4-3ubuntu6.3
cpp	4:13.2.0-7ubuntu1
cpp-13	13.3.0-6ubuntu2~24.04.1
cpp-13-x86-64-linux-gnu	13.3.0-6ubuntu2~24.04.1
cpp-x86-64-linux-gnu	4:13.2.0-7ubuntu1
dash	0.5.12-6ubuntu5
debconf	1.5.86ubuntu1
debianutils	5.17build1
diffutils	1:3.10-1ubuntu0.1
dpkg	1.22.6ubuntu6.6
e2fsprogs	1.47.0-2.4~exp1ubuntu4.1
findutils	4.9.0-5build1
gcc	4:13.2.0-7ubuntu1
gcc-13	13.3.0-6ubuntu2~24.04.1
gcc-13-base	13.3.0-6ubuntu2~24.04.1
gcc-13-x86-64-linux-gnu	13.3.0-6ubuntu2~24.04.1
gcc-14-base	14.2.0-4ubuntu2~24.04.1
gcc-x86-64-linux-gnu	4:13.2.0-7ubuntu1
gpgv	2.4.4-2ubuntu17.6
grep	3.11-4build1
gzip	1.12-1ubuntu3.2
hostname	3.23+nmu2ubuntu2
init-system-helpers	1.66ubuntu1
libacl1	2.3.2-1build1.1
libapt-pkg6.0t64	2.8.3
libasan8	14.2.0-4ubuntu2~24.04.1
libassuan0	2.5.6-1build1
libatomic1	14.2.0-4ubuntu2~24.04.1
libattr1	1:2.5.2-1ubuntu0.1
libaudit-common	1:3.1.2-2.1build1.1
libaudit1	1:3.1.2-2.1build1.1
libbinutils	2.42-4ubuntu2.10
libblkid1	2.39.3-9ubuntu6.6
libbz2-1.0	1.0.8-5.1ubuntu0.1
libc-bin	2.39-0ubuntu8.9
libc-dev-bin	2.39-0ubuntu8.9
libc6	2.39-0ubuntu8.9
libc6-dev	2.39-0ubuntu8.9
libcap-ng0	0.8.4-2build2
libcap2	1:2.66-5ubuntu2.4
libcc1-0	14.2.0-4ubuntu2~24.04.1
libcom-err2	1.47.0-2.4~exp1ubuntu4.1
libcrypt-dev	1:4.4.36-4build1
libcrypt1	1:4.4.36-4build1
libctf-nobfd0	2.42-4ubuntu2.10
libctf0	2.42-4ubuntu2.10
libdb5.3t64	5.3.28+dfsg2-7
libdebconfclient0	0.271ubuntu3
libexpat1	2.6.1-2ubuntu0.6
libext2fs2t64	1.47.0-2.4~exp1ubuntu4.1
libffi8	3.4.6-1build1
libgcc-13-dev	13.3.0-6ubuntu2~24.04.1
libgcc-s1	14.2.0-4ubuntu2~24.04.1
libgcrypt20	1.10.3-2ubuntu0.2
libgmp10	2:6.3.0+dfsg-2ubuntu6.1
libgnutls30t64	3.8.3-1.1ubuntu3.6
libgomp1	14.2.0-4ubuntu2~24.04.1
libgpg-error0	1.47-3build2.1
libgprofng0	2.42-4ubuntu2.10
libhogweed6t64	3.9.1-2.2build1.1
libhwasan0	14.2.0-4ubuntu2~24.04.1
libidn2-0	2.3.7-2build1.1
libisl23	0.26-3build1.1
libitm1	14.2.0-4ubuntu2~24.04.1
libjansson4	2.14-2build2
liblsan0	14.2.0-4ubuntu2~24.04.1
liblz4-1	1.9.4-1build1.1
liblzma5	5.6.1+really5.4.5-1ubuntu0.3
libmd0	1.1.0-2build1.1
libmount1	2.39.3-9ubuntu6.6
libmpc3	1.3.1-1build1.1
libmpfr6	4.2.1-1build1.1
libncursesw6	6.4+20240113-1ubuntu2.2
libnettle8t64	3.9.1-2.2build1.1
libnpth0t64	1.6-3.1build1
libp11-kit0	0.25.3-4ubuntu2.2
libpam-modules	1.5.3-5ubuntu5.7
libpam-modules-bin	1.5.3-5ubuntu5.7
libpam-runtime	1.5.3-5ubuntu5.7
libpam0g	1.5.3-5ubuntu5.7
libpcre2-8-0	10.42-4ubuntu2.1
libproc2-0	2:4.0.4-4ubuntu3.3
libpython3.12-minimal	3.12.3-1ubuntu0.17
libpython3.12-stdlib	3.12.3-1ubuntu0.17
libquadmath0	14.2.0-4ubuntu2~24.04.1
libreadline8t64	8.2-4build1
libseccomp2	2.5.5-1ubuntu3.1
libselinux1	3.5-2ubuntu2.1
libsemanage-common	3.5-1build5
libsemanage2	3.5-1build5
libsepol2	3.5-2build1
libsframe1	2.42-4ubuntu2.10
libsmartcols1	2.39.3-9ubuntu6.6
libsqlite3-0	3.45.1-1ubuntu2.8
libss2	1.47.0-2.4~exp1ubuntu4.1
libssl3t64	3.0.13-0ubuntu3.16
libstdc++6	14.2.0-4ubuntu2~24.04.1
libsystemd0	255.4-1ubuntu8.17
libtasn1-6	4.19.0-3ubuntu0.24.04.2
libtinfo6	6.4+20240113-1ubuntu2.2
libtsan2	14.2.0-4ubuntu2~24.04.1
libubsan1	14.2.0-4ubuntu2~24.04.1
libudev1	255.4-1ubuntu8.17
libunistring5	1.1-2build1.1
libuuid1	2.39.3-9ubuntu6.6
libxxhash0	0.8.2-2build1
libzstd1	1.5.5+dfsg2-2build1.1
linux-libc-dev	6.8.0-146.146
login	1:4.13+dfsg1-4ubuntu3.2
logsave	1.47.0-2.4~exp1ubuntu4.1
mawk	1.3.4.20240123-1build1
media-types	10.1.0
mount	2.39.3-9ubuntu6.6
ncurses-base	6.4+20240113-1ubuntu2.2
ncurses-bin	6.4+20240113-1ubuntu2.2
netbase	6.4
openssl	3.0.13-0ubuntu3.16
passwd	1:4.13+dfsg1-4ubuntu3.2
perl-base	5.38.2-3.2ubuntu0.6
procps	2:4.0.4-4ubuntu3.3
python3-pip-whl	24.0+dfsg-1ubuntu1.3
python3-setuptools-whl	68.1.2-2ubuntu1.2
python3.12	3.12.3-1ubuntu0.17
python3.12-minimal	3.12.3-1ubuntu0.17
python3.12-venv	3.12.3-1ubuntu0.17
readline-common	8.2-4build1
rpcsvc-proto	1.4.2-0ubuntu7
sed	4.9-2ubuntu0.24.04.1
sensible-utils	0.0.22
sysvinit-utils	3.08-6ubuntu3
tar	1.35+dfsg-3ubuntu0.4
tzdata	2026c-0ubuntu0.24.04.1
ubuntu-keyring	2023.11.28.1
unminimize	0.2.1
util-linux	2.39.3-9ubuntu6.6
zlib1g	1:1.3.dfsg-3.1ubuntu2.2
